Supplier ID,Supplier Name,Contact Name,Phone Number,Email Address,Address,Country
469c7c9d-32d9-4d47-a815-4f6a3960af15,Rodriguez Ltd,Mary Atkins,884.299.9660x992,jcooper@bishop.com,"990 Richardson Port Apt. 797
Garciaton, MS 58103",Nigeria
90be36bf-6515-42a6-b27f-55f971dc255d,"Arias, Jackson and Wilkerson",Robert Brown,852.190.1015x4208,jeffreyolsen@hotmail.com,"578 Kenneth Station Suite 637
Laurashire, FL 72168",Estonia
ecdfa6c4-e318-46c5-821b-db476e3c9aac,"Sutton, Kramer and Hernandez",Curtis Chen,(868)685-5470x58613,erin39@yahoo.com,"4747 Hartman Ferry
East Johnny, MI 21699",Brazil
cd9457f7-b6c0-4813-9861-d55cfe2b9b4d,Blair-Richardson,Kathleen Keller,647-345-9106,riceanthony@hotmail.com,"0554 Stacey Viaduct Apt. 948
Port Johnburgh, WV 61048",Norway
01e45c02-21c0-4c29-8aa0-51bc69d5a70c,"Gordon, Parker and Prince",Brandi White,(568)854-0961x535,johnreid@porter.com,"68748 Martin Tunnel Apt. 473
North Shawnborough, MO 88294",Puerto Rico
51310aba-0282-4d5c-aab3-07f18241d254,"Smith, Wall and Taylor",Steven Guerrero,923-743-4013,troy39@gmail.com,"86184 Harrington Isle
Scottshire, HI 39009",United Arab Emirates
b54c78f1-e470-49d7-8c1c-8b9109ffb694,Fox LLC,Scott Wright,001-376-994-2843,ksmith@rhodes.com,"101 Cody Ports Apt. 049
Johnsonside, WA 91238",Marshall Islands
e7912e44-686b-40de-b694-4f060d55ceeb,"Lee, Price and Black",Kristina Butler,(174)197-7015x132,jscott@yahoo.com,"55571 Jensen Parks Apt. 004
West Alexander, PA 65563",Maldives
81432193-dca5-4630-a1df-8724e35a4bfd,Moore-Wilson,Emily Parker,496-205-5873,kellyballard@russell-klein.com,"46659 Combs Tunnel Apt. 260
Lake Anthonyberg, IL 69722",Nicaragua
537186b1-ab1f-473f-959d-9f06edfacf9f,Foster-Shea,Tammy Bennett,+1-886-108-8142x15220,andrewsanders@hotmail.com,"0263 Kenneth Road
Danielburgh, AZ 37611",Peru
4a5efccb-690a-4561-aaa7-dd5edcd478e9,"Lewis, Mcgee and Hays",Kathryn Snow,001-119-403-7421x310,travisdean@hotmail.com,"Unit 4086 Box 8784
DPO AA 14695",Singapore
511ffa36-4f51-440a-837f-2d372d8b85e8,"Mccoy, Hodge and Ray",Nancy Whitney,449-610-4491x161,vrios@rogers.com,"3844 Roy Village Suite 417
Jeffreyton, MD 13385",Belgium
85d85c28-9567-47ec-b560-2d47bf5ff89c,Green-Santos,Amber Green,068-340-8708,craigwagner@barr-hart.com,"0622 Michael Mission Suite 229
Mccallport, NE 94153",Cook Islands
97bad6f8-e4dc-48c9-b5b0-9e4b7545df69,"Huber, Stephenson and Obrien",Douglas Gardner,001-654-532-1624,hboyd@stevens-scott.com,"0618 Williams Shoal
New Robertberg, WA 78450",Turks and Caicos Islands
b243f0e5-32bf-4905-9838-d893cd1cd8c5,"Humphrey, Walters and Edwards",Harold Chapman,(642)098-1598x177,cisnerosjessica@gmail.com,"67101 Aaron Glen Suite 707
East Barbara, AL 19360",Kiribati
002a981f-d901-4a02-ba9f-a00e51e845b3,"Patel, Kim and Holt",Jonathan Barnes,001-685-818-2867x13395,tracey73@hotmail.com,"666 Beth Islands Suite 150
Alexisport, NY 54481",Italy
9a903899-3cb9-4911-ba3a-6f301e2d1752,Bennett Ltd,Derrick Lindsey,001-628-592-7398x8303,jwebster@ortiz-schmidt.net,"77424 Tina Rue Apt. 612
Averyport, AZ 15553",Solomon Islands
7ef05461-59b8-45d8-9f81-77eb56a166e8,Hall-Wilcox,Natalie Lewis,341-823-0345x3496,spencesarah@smith-brown.info,"6379 Elizabeth Ville
West Mindyborough, IA 90319",Afghanistan
d48c8d5a-48b7-4d19-901d-785740683632,Moore-Scott,Christopher Myers,(606)731-6188x600,dawnadams@stone-johnson.com,"57507 Nicole Run Suite 466
Tonyaberg, NY 06045",United States of America
c55b97c7-e893-4e5d-b708-721c17b48b10,Thompson-White,Joyce Golden,001-230-299-3620x417,rogermay@gmail.com,"7428 Jocelyn Camp
Bradshawside, NC 97261",Guadeloupe
e4aa3582-0574-4a74-a75a-8c2a2ea2aa59,Bowman Ltd,Mike Trujillo,001-867-673-0213,elizabethewing@murphy-stafford.com,"311 Stephanie Passage Suite 619
Lopezland, SD 76902",Congo
3adc1ef5-825e-468c-b254-960cab1917b7,Barajas-Adams,Jason Freeman,240-948-5833,harrisvincent@gmail.com,"750 Patterson Valley Suite 131
North Laurenland, WA 36973",Austria
82b9bfeb-5394-4fd0-bd63-83ad5bdc9719,Edwards Ltd,Leah Ibarra,-10693,amber76@hill.net,"8196 Williams Path Apt. 171
Blakeburgh, SD 47213",Andorra
daea9121-42c0-404e-9ce0-01767ba455a8,"Smith, Dennis and Allen",Richard Kelly,+1-422-575-2887x0024,jackiebrown@miller-guzman.com,"13726 Katie Glen Suite 126
Hendersonstad, CT 83501",Israel
bb87e9fd-874e-4ec0-bc24-3fb681722a89,Williams-Gill,David Pitts,911.735.7884x54833,jmiller@yahoo.com,"86054 Garcia Flats Suite 441
Hernandezville, NH 58454",Fiji
8bce699d-923f-4542-890d-19977a6ea200,"Taylor, Fox and Jackson",Justin Bishop,533.601.1803x6919,robinsalazar@landry.com,"2603 Allen Points
North Sarahchester, CA 42344",Colombia
e6690390-21fb-489c-b6cb-8decac119ceb,Alexander Inc,James Henry,(918)829-5647,mjones@perez.com,"866 Scott Wall Suite 865
Smithport, SC 51306",Indonesia
e749787b-fb63-4cea-a224-16d2fad601fe,Carter-Scott,Stephanie Long,4460165138,alexandrahicks@yahoo.com,"100 Heather Point
Kelseyville, IL 16956",Libyan Arab Jamahiriya
45851be4-8ad2-402a-bcb3-0cb28b925452,Watson-Grant,Michelle Lopez,(923)675-8762x23076,sellersbarbara@gmail.com,"129 Christopher Streets Apt. 833
Jasonmouth, IL 89949",Turkmenistan
192f135f-ed42-476a-9198-f741ea3aa0bd,Owens-Price,Cassidy Giles,(891)264-6479x524,trevorlynch@hotmail.com,"719 Dougherty Dale
North Feliciaburgh, MD 24305",Syrian Arab Republic
67291bd2-a16d-4fbc-a5ee-76e5324692d6,Small-Jackson,Kevin Simmons,341.505.2120x0905,pamelarogers@gmail.com,"94155 King Ports Suite 879
Richardsonbury, MA 79856",Papua New Guinea
84e5832c-64ea-401d-9a38-c249bc43270c,Shannon Group,Janet Wilcox,(000)926-0399,jonesanna@johnson.com,"6364 Chris Port Suite 234
New Susanmouth, NV 23600",Antarctica (the territory South of 60 deg S)
dfe3846c-fed4-4b25-ae29-ecdfee39901b,Hatfield-Brown,Marissa Brown,(050)410-0598x8309,mcdanieljonathan@yahoo.com,"9083 Marc Tunnel Apt. 194
Thompsonbury, GA 59123",Albania
1f7bca61-b9b7-41ba-8d62-eea1817538da,"Bowers, Yang and Anderson",Ashley Ortiz,059-841-8273x32361,kimberlybrown@jones.com,"774 Harris Track
Karenville, PA 70503",Bolivia
e9eb0bae-cd88-4d4c-be83-bddf4428b5c5,George Inc,Justin Reilly,765.273.2642x67795,paulkennedy@morris-collins.biz,"145 Robin Mill Apt. 780
West David, NY 03057",Sweden
49b8bb9c-0d31-42cc-8f68-1bade18d540b,Camacho-Myers,Makayla Williams,482.056.9905x457,stephanie00@gmail.com,"PSC 6691, Box 9737
APO AE 85874",Oman
7089d173-eb9a-494a-a33c-c06d0e9d2a4e,Murphy-Shields,Sarah Valencia,(613)719-8725,ghunter@hotmail.com,"987 Erica Ford Suite 125
Port Kathyfurt, TN 05384",Greenland
da282762-967a-43f4-8981-47d8e02ef47e,Green Inc,Cory Washington,976.212.9484,nnelson@yahoo.com,"16705 Hunter Forks
New Donnaville, GA 19149",Denmark
92bfc3c2-69c5-484e-91e1-be11e777ccde,"Forbes, Reid and Blake",Charles Young,+1-090-108-7464x1624,hherrera@young.info,"77289 Lyons Way
East Johnnyshire, NM 98965",Burkina Faso
1a2f8741-33c6-4869-9055-e0b8e91979bb,Williams-Weiss,Madeline Smith,001-763-923-7875x9517,samantha71@bennett-fitzpatrick.com,"01934 Kayla Inlet Apt. 163
Port David, MD 04944",Yemen
19149c53-e7b1-40f2-bd72-259eb7fd2558,Jones-Stanley,Veronica Ware,691.857.7661x874,sross@stewart.com,"501 James Crossing
West Susanville, TX 24349",Saudi Arabia
90c623f6-f08b-42ba-b917-89296d404260,"Parker, Foster and Camacho",Michael Holt,622.149.5032x51976,darren86@austin.biz,"450 Laura Shoal
South Michealberg, WY 25562",Guyana
34758d36-5f18-4272-939b-eb5ff5b1a060,White-Reed,Shelly Greene,(208)584-1241,vmeyer@yahoo.com,"517 Kenneth Track Apt. 443
South Tiffanyshire, MO 82332",Maldives
f308df87-bf45-40a7-83e5-085d7ab07157,Davidson Ltd,Douglas Rivera,752.459.0152,cpena@green.com,"USNV Salinas
FPO AE 33701",Sri Lanka
2356f94d-debd-4892-81f5-d152e7963cb3,"Matthews, Allen and Avila",Hannah Myers,938-558-5455,millerraymond@torres-harrell.com,"3726 Espinoza Burgs
North Moniqueburgh, NH 98195",Pitcairn Islands
8ac74c54-d925-4764-bc53-ad571531bf9f,"Ramirez, Powell and Martin",Kelsey Crawford,459-110-4462,davidflores@yahoo.com,"54872 Jane Meadows
East Michael, AZ 69631",Northern Mariana Islands
22421f79-0178-4eab-ab09-b54df016b6bf,Chavez and Sons,Thomas Harris,(254)221-9159,sierra36@gmail.com,"58433 Lisa Villages Suite 146
Candiceburgh, SD 76271",Turkey
11b2cd20-20d5-4f25-9f89-31575f1fbb02,"Rodriguez, Ortiz and Sullivan",Peggy Martin,001-393-166-5452x1196,jessica21@gmail.com,"404 Brenda Cape Suite 665
Candaceport, GA 12888",Guinea
12b95469-ccda-4bac-a1c2-9f45caa48b35,Turner PLC,Alexandra Hansen,001-882-369-0915,colemanjanet@nelson-ortiz.com,"PSC 0089, Box 0766
APO AA 68526",Ireland
d67504fd-05e9-4abf-bb15-31306f71fb3f,Ross PLC,Catherine Hughes,889-908-6025,kelly29@hotmail.com,"9300 Jeffrey Junction
Alexanderton, AZ 09913",Hong Kong
15a947cc-1fdc-478e-bdf4-78cbaf0c41e8,"West, Reid and Burns",Laura Harmon,096.302.8622x98763,lisaherrera@jones.com,"2649 Christopher Causeway Apt. 573
East Sethmouth, IN 32599",Mauritania
a83863b1-6e97-4d15-b163-33fd7bcf371a,Jones-Jackson,Stephen Lam,086-955-3288x81436,townsendashley@yahoo.com,"25560 Michelle Bridge Apt. 998
Kylefurt, MN 07582",Mongolia
7cde9018-6c70-4e6d-940a-6c758b3382c2,Williams Ltd,Michele Morris,640.625.3535x64433,mmoss@yahoo.com,"86661 Brenda Stravenue Suite 077
East Robert, NJ 53612",Antarctica (the territory South of 60 deg S)
b6f698de-19c1-4209-88b6-904578cbdaf4,Sanders Ltd,Christina Santos,526.939.3780x34536,dgibbs@gmail.com,"886 Dennis Plains Apt. 129
West Michael, MA 55742",Swaziland
849a5fbd-5d04-4f63-a5d3-3077c4d800b4,Duffy-Richards,Michael White,(627)585-8027x74071,wwilliams@hotmail.com,"398 Kelsey Mount
West Robertville, OH 36093",Maldives
27a44e8e-15a8-47e2-901f-582050cbcac8,Goodman Group,Barry West,(218)313-7959,christopher25@yahoo.com,"46862 Veronica Pines
South Aaron, MO 52135",Northern Mariana Islands
dc14908f-2203-4a2f-a2b1-5f917c2baebd,"Mathis, Gilbert and Cameron",Michele Mendez,(359)714-5410,jonesandrew@smith.com,"10562 Gates Courts
East Eric, ND 75809",Mali
b1da578b-e95b-4ce6-b618-2104b46dc69b,Hayes-Ryan,John Johnson,462-099-0127,derekthornton@yahoo.com,"60273 Scott River
North Darren, MT 36472",Jamaica
cc8a965b-9666-42f0-832c-fe1180bcfa08,"Gilbert, Robinson and Smith",Tyler Patterson,+1-890-861-4895x52326,stephaniesuarez@wright.biz,"0897 Moses Flat
Cherylhaven, MO 51884",Barbados
359a11c8-4e07-4cc2-9f6b-5d794176fc76,"Green, Jones and Molina",Elaine Jones,191-561-2058,melissabailey@roman.com,"0652 Villarreal Key
Andreaton, DC 49130",Syrian Arab Republic
76178fcf-8f92-4a7d-897b-5a0020c09e89,"Doyle, Rodriguez and Martinez",Paul Shaw,343.915.8932,gloversara@mullins.com,"67338 Nicholas Radial
Lake Angelashire, MN 87043",Czech Republic
09fad9d5-7773-4001-a668-da29bc35d094,Powell-Leblanc,Bob Rogers,-6528,jennifersaunders@bullock.com,"56722 Jared Plains Apt. 876
East Andrew, AK 74986",Kenya
3d06d430-fd44-4a0d-a731-e6f63513bcf2,Fuentes-Barajas,James Avila,242.397.9113,xpotter@aguirre.org,"4231 Conley Port Suite 795
New Linda, AL 06092",Brazil
55ab80af-d556-4a72-be94-f59b3e79be61,Jones-Richards,Annette Reed,-8461,nathanbell@blair-aguilar.org,"82120 Rachel Curve
East Anita, ID 82016",Cocos (Keeling) Islands
e05c533e-5004-4c27-abcb-81872e73a54a,"Brown, Phillips and Rodriguez",Chris Pena,+1-103-371-2555x208,youngdebra@elliott.com,"4339 Thomas Motorway Apt. 460
East Paul, DC 09764",Guam
98c5d184-2e42-4ff8-b500-d021df276350,Jackson-Jackson,Holly Greene,920.278.7223,delgadogary@hotmail.com,"PSC 8570, Box 5539
APO AE 80729",Marshall Islands
80f56dcf-41a0-4b62-9f34-05e1b2588ece,English and Sons,Shannon Morrison,(889)644-1292x2490,gregory60@acosta-silva.info,"430 Young Plains Apt. 829
East Michaelbury, AR 90767",Bahrain
e3bf074b-f0ae-4f38-88d7-aaf4c5c56ac1,Dean-Franklin,Tina Pham,(481)584-2836x972,joseph70@keith.com,"3254 Wright Parkway Suite 769
Lake Gerald, WV 55598",Egypt
50b371be-e40e-4020-a529-e37f07361bf3,Cole and Sons,Samuel Simpson,(043)373-7609,andrewssean@english.com,"Unit 4101 Box 8816
DPO AE 75182",New Zealand
8c7baeeb-b7d1-444a-8494-30e2c75f0f3a,Crawford-Singh,Jenna Hawkins,180-187-4681x365,terri53@cantu.com,"436 Gordon Groves
Glennview, CO 43899",Chile
4470d64e-d728-4984-b736-8637cb76b699,Li-Beck,Jessica Thompson,+1-980-470-2888x62923,mosleykaylee@yahoo.com,"0841 Cole Ports
West Robertmouth, AK 61788",Myanmar
d31fdfec-0ad4-4581-92c6-6457e9f747f3,Moore-Mendez,Laura Jenkins DDS,(754)304-9591x3065,rhodessamantha@gmail.com,"9237 Berg Fall Suite 073
Beckmouth, NV 71503",Saint Lucia
08aeb686-296a-43d2-bdfb-3e635a4d5932,Mullen-Leonard,Jennifer Green,077-057-4949x5693,daltonperez@hotmail.com,"87671 Anderson Fall
Diazbury, NY 52332",Colombia
57157de3-6bf0-44fd-95cd-34d2501f271d,Stuart PLC,Mary Mccarty,127-095-7521,vallen@yahoo.com,"USNV Price
FPO AP 63130",Iraq
5021057c-bf62-4fbd-b8eb-72ce60fa606e,Johnson-Jones,Michael Armstrong,087.196.0418x02722,jeremiah71@garcia.com,"85682 Nelson Throughway
Jasonmouth, NV 07038",Lithuania
b31d2ebb-a291-4bb1-995d-871dd5cdf002,"Mcdonald, Anderson and Pearson",Patricia Thomas,(716)414-4788,wblack@underwood.com,"801 Christopher Park Apt. 119
Angelport, NE 68235",Togo
5c001c2d-feed-4b12-b041-9711aa023298,Thomas-Walters,Bradley Santiago,001-185-864-8742x14994,megandaniels@yahoo.com,"17822 Palmer Fields
Port Michael, AL 37139",Saint Kitts and Nevis
a5d09976-bc8d-4e9c-91b2-b1223659ad9d,"Davis, Shaw and Lopez",Molly Richardson,316.665.8250,hatfieldchelsea@gmail.com,"56990 Fitzgerald Point Apt. 535
Jameshaven, TX 58646",Mexico
af84a671-8a9c-4c31-9338-c1ba72c04cdb,"Adams, Rivera and English",Carl Saunders,(121)570-5936,imorris@vance.com,"54334 Barbara Parks Suite 680
South Meredith, IA 50668",Yemen
3d141ade-a9a6-4d0a-9f4d-3f829ac6f932,Jones-Schaefer,Melissa Robinson,962.854.2810,umcknight@yahoo.com,"4911 Hart Branch
Brennanmouth, MS 82538",Marshall Islands
c7de9138-fe9f-4f8a-95fa-da56f6e5df5a,Gallegos-Brown,Sabrina Myers,3041767759,jeffrey11@hotmail.com,"22859 Heather Mews
Floreschester, ME 59527",El Salvador
2289aee2-78ad-4e85-bc21-afb5f3dd4153,Johnson-Mckenzie,Michael Alvarez,9290115602,amyaguilar@hotmail.com,"PSC 6040, Box 9153
APO AA 75677",Niue
52d80afa-60e6-4a14-b170-119ed37c51ab,Gonzalez and Sons,Jeremiah Davis,749.046.5331,hbell@carr.biz,"268 Jensen Groves Apt. 891
Johnsonton, NE 71956",Dominican Republic
5f96f4ba-a84a-404d-a75c-7bc99c93972c,Garcia Inc,Diane Howell,(481)556-8238x30849,jamesmeza@gmail.com,"24098 Matthew Loop
Gardnerberg, WA 21123",Germany
1043d81c-ff99-4e5e-8ecd-957d20310fe4,"Conner, Mueller and Ward",Benjamin Cook,268-959-1675,baxterbrandon@gmail.com,"684 Paul Burg Suite 259
West Joanna, KS 76231",Taiwan
77ccb54b-6495-4aa7-bc53-a479401e26f1,"Rivera, Martin and Brown",Daniel Melton,-3914,linda84@hotmail.com,"205 Donna Freeway
North Paula, OH 04327",Oman
9e8d8f42-6fed-46c3-adf7-6d16a34f16c0,Sanders-Mercer,Wendy Morales,794.977.2669,joseph94@garcia.org,"5232 Kelly Garden
Jillfurt, AZ 78383",Russian Federation
b997169e-634f-4d7f-8d70-c54efa21a139,Delgado Inc,Adrian Vang,264.573.8119,lindsaysullivan@gmail.com,"31574 Joseph Meadows
Johnhaven, VA 52669",Norfolk Island
8ee1f8cd-a06b-4e44-9f31-7e1fa112bf83,"Leach, Reynolds and Robinson",Jacqueline Fernandez,216.555.6545x23265,obrienwendy@cabrera.com,"844 Christopher Mountains
Schroederville, DC 45966",Chile
042a4b65-fd80-482f-a123-18a280dadeb5,Simpson LLC,Angela Mccann,9995821504,murphysarah@gmail.com,"56797 Liu Knoll
Jenniferfurt, WV 69092",Saint Martin
e1ea2ef4-e658-4868-b2e5-1ed634ce9e64,"Douglas, Rodriguez and Singleton",Patrick Watts,000-376-9359,marshwilliam@curry-austin.net,"86980 Cain Isle Suite 422
South Maria, LA 59264",Croatia
7ac88a77-6655-46d1-880e-f3839ec86a8d,Mitchell PLC,Evan Smith,097-695-3440x21056,kimberlydiaz@meza.com,"1577 Willie Valleys Suite 952
Jamiefort, WV 44641",Algeria
aa4777c3-776c-4f83-a821-b604497b7e0d,Ramsey Ltd,Julie Alexander,382-065-7285x925,kmeza@mahoney.net,"USNV Carroll
FPO AE 02782",Turkey
0c3f16ec-8e87-4bed-aaee-2e9b1ae99ca6,Kelly-Blanchard,Dana Dean,193.784.4381x96258,zjackson@johnson.com,"9865 Kerr Flat
Robertsville, MS 97627",Sierra Leone
26a57c71-7e35-4df8-ab26-197646e4e0b0,Smith-Williams,Jackie Snow,001-712-211-2228,joseph55@prince-mendoza.net,"650 Williams Plain
Vasquezfurt, AL 50805",Nauru
030abe08-e7e4-4a40-8c81-9b2da2548429,"Schmidt, Jenkins and Mason",Jennifer Barnett,631-591-8801x1538,bradley29@cooper-macdonald.net,"059 Nicholas Port Apt. 933
New Tyler, PA 85144",Thailand
43365298-cdc0-46ee-877b-1d0f4ab1cb86,"Wheeler, Gibbs and Fletcher",Joel Davidson,001-445-926-9732x5092,josephcooper@gmail.com,"895 Amy Pike Apt. 278
New Ericville, UT 48206",Israel
58a4e685-87c4-4d66-9331-ae6cc362791f,Gutierrez-Bryant,William Williams,001-121-904-1136x84383,idouglas@hotmail.com,"23798 Amy Lodge Suite 260
Parkerview, MS 37563",Mauritius
52a849cf-76ff-4cb1-aecd-7a050caafde0,Mcdaniel-Anderson,Brandy Daugherty,+1-404-202-5144x40027,csanders@yahoo.com,"USNV Harris
FPO AP 09108",Saint Helena
2943bc21-3e97-4e5e-864c-9d37c237fc7a,Pearson LLC,Javier Williams,(149)487-2360,rebeccacooper@sims-harris.com,"982 Richards Lights
South Michelle, FL 11471",United States Virgin Islands
2fc39ed3-ae3c-43e1-85b7-10e1f972e7df,"Huber, Stephenson and Obrien",Douglas Gardner,001-654-532-1624,hboyd@stevens-scott.com,"0618 Williams Shoal
New Robertberg, WA 78450",Turks and Caicos Islands
5c28cf46-6e43-4270-ae91-ca917d250957,Duffy-Richards,Michael White,(627)585-8027x74071,wwilliams@hotmail.com,"398 Kelsey Mount
West Robertville, OH 36093",Maldives
919edcfd-6e44-411f-b920-48ee6895561c,"Douglas, Rodriguez and Singleton",Patrick Watts,000-376-9359,marshwilliam@curry-austin.net,"86980 Cain Isle Suite 422
South Maria, LA 59264",Croatia
b96a1987-b720-432a-b460-56fa2eec50d4,Crawford-Singh,Jenna Hawkins,180-187-4681x365,terri53@cantu.com,"436 Gordon Groves
Glennview, CO 43899",Chile
86a979f0-1d25-4c00-b599-441030efa012,Edwards Ltd,Leah Ibarra,-10693,amber76@hill.net,"8196 Williams Path Apt. 171
Blakeburgh, SD 47213",Andorra
25012bf8-1f29-4bda-8225-d341b61d1de4,"Smith, Dennis and Allen",Richard Kelly,+1-422-575-2887x0024,jackiebrown@miller-guzman.com,"13726 Katie Glen Suite 126
Hendersonstad, CT 83501",Israel
b7e55c32-44eb-4bf9-849d-20a91dcd1dc8,George Inc,Justin Reilly,765.273.2642x67795,paulkennedy@morris-collins.biz,"145 Robin Mill Apt. 780
West David, NY 03057",Sweden
bbe16010-2d04-481b-94f5-46cc85e69ea9,"Huber, Stephenson and Obrien",Douglas Gardner,001-654-532-1624,hboyd@stevens-scott.com,"0618 Williams Shoal
New Robertberg, WA 78450",Turks and Caicos Islands
b79b56d3-578e-42c9-bb7c-2df5af415bc7,Crawford-Singh,Jenna Hawkins,180-187-4681x365,terri53@cantu.com,"436 Gordon Groves
Glennview, CO 43899",Chile
67bee647-fc57-4345-a08a-1fd21bfa6cec,Edwards Ltd,Leah Ibarra,-10693,amber76@hill.net,"8196 Williams Path Apt. 171
Blakeburgh, SD 47213",Andorra
a83863b1-6e97-4d15-b163-33fd7bcf371a,Jones-Jackson,Stephen Lam,,,"25560 Michelle Bridge Apt. 998
Kylefurt, MN 07582",Mongolia
8bce699d-923f-4542-890d-19977a6ea200,"Taylor, Fox and Jackson",Justin Bishop,,,"2603 Allen Points
North Sarahchester, CA 42344",Colombia
daea9121-42c0-404e-9ce0-01767ba455a8,"Smith, Dennis and Allen",Richard Kelly,,,"13726 Katie Glen Suite 126
Hendersonstad, CT 83501",Israel
50b371be-e40e-4020-a529-e37f07361bf3,Cole and Sons,Samuel Simpson,,,"Unit 4101 Box 8816
DPO AE 75182",New Zealand
3d06d430-fd44-4a0d-a731-e6f63513bcf2,Fuentes-Barajas,James Avila,,,"4231 Conley Port Suite 795
New Linda, AL 06092",Brazil